ID	Description	GeneRatio	BgRatio	pvalue	p.adjust	qvalue	geneID	Count
GO:0006935	chemotaxis	59/833	468/18870	3.33482348096532e-13	1.01289116906197e-09	8.78507588216123e-10	VCAM1/NRP2/VAV1/CSF1R/SEMA4D/CKLF/ABCC1/TIAM1/NOTCH1/KDR/CCL24/SEMA6A/FLT1/DOCK2/CCR1/SEMA6B/ANGPT2/PLEC/S100A14/CMKLR1/CCL20/DAPK2/NOVA2/CSF3R/P2RY12/ADAM8/FCER1G/SPI1/S100A4/DSCAM/CYSLTR1/EDN2/PTPRO/PLEKHG5/TNFSF14/MIF/CXCL10/CCL23/FPR2/SFTPD/FPR1/ELANE/TUBB2B/TREM2/CMTM1/CXCR2/ACKR3/CXCL9/ANOS1/CCL22/CH25H/SAA1/TAFA4/PLXNB3/CXCL11/SEMA3A/CCL18/FGF7/AGER	59
GO:0042330	taxis	59/833	470/18870	4.01145017450285e-13	1.01289116906197e-09	8.78507588216123e-10	VCAM1/NRP2/VAV1/CSF1R/SEMA4D/CKLF/ABCC1/TIAM1/NOTCH1/KDR/CCL24/SEMA6A/FLT1/DOCK2/CCR1/SEMA6B/ANGPT2/PLEC/S100A14/CMKLR1/CCL20/DAPK2/NOVA2/CSF3R/P2RY12/ADAM8/FCER1G/SPI1/S100A4/DSCAM/CYSLTR1/EDN2/PTPRO/PLEKHG5/TNFSF14/MIF/CXCL10/CCL23/FPR2/SFTPD/FPR1/ELANE/TUBB2B/TREM2/CMTM1/CXCR2/ACKR3/CXCL9/ANOS1/CCL22/CH25H/SAA1/TAFA4/PLXNB3/CXCL11/SEMA3A/CCL18/FGF7/AGER	59
GO:0097529	myeloid leukocyte migration	33/833	242/18870	8.4097474225821e-09	1.41564081613465e-05	1.22782312369699e-05	VAV1/CSF1R/CKLF/CCL24/FLT1/CCR1/S100A14/CMKLR1/CCL20/DAPK2/CSF3R/P2RY12/ADAM8/FCER1G/SPI1/EDN2/PTPRO/CD200R1/MIF/CXCL10/CCL23/FPR2/SFTPD/TREM2/RABGEF1/CXCR2/CXCL9/CCL22/SAA1/TAFA4/CXCL11/CCL18/AGER	33
GO:0060326	cell chemotaxis	39/833	325/18870	1.47538570035236e-08	1.86214427425394e-05	1.6150875091549e-05	VCAM1/VAV1/CSF1R/CKLF/ABCC1/TIAM1/NOTCH1/KDR/CCL24/FLT1/CCR1/PLEC/S100A14/CMKLR1/CCL20/DAPK2/CSF3R/ADAM8/FCER1G/SPI1/EDN2/PTPRO/PLEKHG5/TNFSF14/MIF/CXCL10/CCL23/FPR2/SFTPD/CXCR2/ACKR3/CXCL9/CCL22/CH25H/SAA1/TAFA4/PLXNB3/CXCL11/CCL18	39
GO:0050900	leukocyte migration	44/833	396/18870	1.84370720223162e-08	1.86214427425394e-05	1.6150875091549e-05	VCAM1/VAV1/CSF1R/CKLF/GCNT1/HMOX1/CCL24/FLT1/LYVE1/CCR1/PLEC/S100A14/CMKLR1/CCL20/DAPK2/CSF3R/P2RY12/THY1/ADAM8/FCER1G/SPI1/EDN2/PTPRO/CD200R1/TNFSF14/MIF/CXCL10/CCL23/FPR2/SFTPD/ELANE/TREM2/ZP3/RABGEF1/CXCR2/CXCL9/CCL22/CH25H/NLRP12/SAA1/TAFA4/CXCL11/CCL18/AGER	44
GO:0030595	leukocyte chemotaxis	31/833	240/18870	8.42610954230556e-08	7.09197553144051e-05	6.15105996588306e-05	VAV1/CSF1R/CKLF/CCL24/FLT1/CCR1/PLEC/S100A14/CMKLR1/CCL20/DAPK2/CSF3R/ADAM8/FCER1G/SPI1/EDN2/PTPRO/TNFSF14/MIF/CXCL10/CCL23/FPR2/SFTPD/CXCR2/CXCL9/CCL22/CH25H/SAA1/TAFA4/CXCL11/CCL18	31
GO:0010959	regulation of metal ion transport	40/833	398/18870	1.14430728290021e-06	0.000825535968378008	0.000716009414157559	KCNJ2/KCNAB1/UTRN/NOS3/ACE/SCN1B/CCR1/WNK3/SLC8A1/HECW2/ATP1B2/THY1/HOMER3/LILRB2/CD84/LILRA2/P2RY6/CABP4/CXCL10/LILRB1/BEST1/GPR35/SPTBN4/ATP2A1/TREM2/FXYD2/LIME1/CXCL9/AKAP5/FGF12/PLP1/KCNG1/SCN2B/SPINK1/TRPC6/DRD4/HAP1/CASQ2/CXCL11/HOMER1	40
GO:0050920	regulation of chemotaxis	28/833	232/18870	1.41481251324701e-06	0.000893100398987173	0.000774609851002736	CSF1R/SEMA4D/TIAM1/NOTCH1/KDR/SEMA6A/CCR1/SEMA6B/ANGPT2/S100A14/CMKLR1/DAPK2/NOVA2/P2RY12/SPI1/DSCAM/EDN2/PTPRO/TNFSF14/MIF/CXCL10/FPR2/ELANE/TUBB2B/TREM2/CXCR2/SEMA3A/AGER	28
GO:0006816	calcium ion transport	42/833	445/18870	3.16249031672379e-06	0.00176000035952287	0.00152649536132875	PLCB2/NOS3/ANXA2/ACE/CCR1/WNK3/PLCB3/SLC8A1/CDH23/SLC24A4/THY1/PKD1/HOMER3/LILRB2/CYSLTR1/CD84/LILRA2/P2RY6/CABP4/CXCL10/LILRB1/CATSPER2/BEST1/GPR35/TRPM6/ATP2A1/CACNA1A/BHLHA15/LIME1/CXCL9/AKAP5/GRIN2D/PLP1/TRPV6/SPINK1/TRPC6/DRD4/HAP1/CASQ2/CHRNA10/CXCL11/HOMER1	42
GO:0048247	lymphocyte chemotaxis	13/833	64/18870	3.58246056343462e-06	0.00176000035952287	0.00152649536132875	CKLF/CCL24/PLEC/CCL20/ADAM8/TNFSF14/CXCL10/CCL23/CCL22/CH25H/SAA1/CXCL11/CCL18	13
GO:1903522	regulation of blood circulation	29/833	258/18870	3.90856516159065e-06	0.00176000035952287	0.00152649536132875	TBXA2R/KCNJ2/NOS3/PER2/CD38/ACE/SCN1B/GJD3/TBXAS1/SLC8A1/ATP1B2/HRH1/BMP10/EHD3/CYSLTR1/ADORA3/EDN2/TMIGD3/SPTBN4/ATP2A1/FOXN4/KCNJ12/ADRB1/SCN2B/BDKRB2/TBX18/CASQ2/ADM5/AGER	29
GO:0071621	granulocyte chemotaxis	19/833	130/18870	4.31807183477098e-06	0.00176000035952287	0.00152649536132875	VAV1/CSF1R/CKLF/CCL24/S100A14/CMKLR1/CCL20/DAPK2/CSF3R/FCER1G/EDN2/CXCL10/CCL23/CXCR2/CXCL9/CCL22/SAA1/CXCL11/CCL18	19
GO:0071674	mononuclear cell migration	25/833	207/18870	5.0621807036067e-06	0.00176000035952287	0.00152649536132875	CSF1R/CKLF/CCL24/FLT1/CCR1/PLEC/S100A14/CMKLR1/CCL20/ADAM8/SPI1/PTPRO/CD200R1/TNFSF14/CXCL10/CCL23/FPR2/CXCR2/CCL22/CH25H/NLRP12/SAA1/CXCL11/CCL18/AGER	25
GO:0032496	response to lipopolysaccharide	35/833	348/18870	5.22039188483949e-06	0.00176000035952287	0.00152649536132875	VCAM1/AXL/MRC1/AKAP12/SCIMP/TBXA2R/IL10RA/NOTCH1/NOS3/DUSP10/SMAD6/ADAM9/ACE/ABCA1/S100A14/CD180/BMP6/CPS1/SPI1/LILRB2/CSF2RB/LILRA2/MIF/CXCL10/LILRB1/MMP9/ELANE/TREM2/CXCL9/MPO/GBP3/DEFA3/FOS/CXCL11/FMO1	35
GO:0034765	regulation of monoatomic ion transmembrane transport	42/833	454/18870	5.22772384016694e-06	0.00176000035952287	0.00152649536132875	SHANK3/KCNJ2/KCNAB1/UTRN/CYBB/SCN1B/KCNJ10/WNK3/KCNC4/SLC8A1/HECW2/ATP1B2/THY1/CLIC3/P2RY6/KCNK13/CABP4/CXCL10/KCNH7/CATSPER2/MMP9/GPR35/ATP2A1/CACNA1A/TREM2/KCNJ12/FXYD2/LIME1/CXCL9/AKAP5/FGF12/GRIN2D/PLP1/KCNG1/SCN2B/TRPC6/DRD4/HAP1/CASQ2/CXCL11/HOMER1/SLC26A5	42
GO:0051924	regulation of calcium ion transport	28/833	251/18870	6.60606823553623e-06	0.00208504028684112	0.00180841117947804	NOS3/ACE/CCR1/WNK3/SLC8A1/THY1/HOMER3/LILRB2/CD84/LILRA2/P2RY6/CABP4/CXCL10/LILRB1/BEST1/GPR35/ATP2A1/LIME1/CXCL9/AKAP5/PLP1/SPINK1/TRPC6/DRD4/HAP1/CASQ2/CXCL11/HOMER1	28
GO:0002237	response to molecule of bacterial origin	36/833	369/18870	7.62953820143663e-06	0.00213887832555319	0.00185510634968772	VCAM1/AXL/MRC1/AKAP12/SCIMP/TBXA2R/IL10RA/NOTCH1/NOS3/DUSP10/SMAD6/ADAM9/ACE/ABCA1/S100A14/CD180/BMP6/CPS1/SPI1/LILRB2/CD24/CSF2RB/LILRA2/MIF/CXCL10/LILRB1/MMP9/ELANE/TREM2/CXCL9/MPO/GBP3/DEFA3/FOS/CXCL11/FMO1	36
GO:0019932	second-messenger-mediated signaling	32/833	310/18870	7.68874155647853e-06	0.00213887832555319	0.00185510634968772	VCAM1/TBXA2R/KDR/PDE2A/NOS3/CCR1/FCGR3A/CMKLR1/SLC8A1/CCL20/NPR1/SLC24A4/P2RY12/NFAT5/HOMER3/EDN2/GUCY1A2/FPR2/FPR1/POMC/TREM2/BHLHA15/PDX1/NDNF/CXCR2/ACKR3/AKAP5/GRIN2D/SCTR/SPINK1/CASQ2/LAT	32
GO:0007204	positive regulation of cytosolic calcium ion concentration	22/833	173/18870	8.04726498722983e-06	0.00213887832555319	0.00185510634968772	TBXA2R/CD38/CCR1/CMKLR1/SLC8A1/PKD1/CD24/CYSLTR1/EDN2/CD52/FPR2/GPR35/FPR1/PTGDR/CACNA1A/CXCR2/ACKR3/SAA1/BDKRB2/SPINK1/TRPC6/CHRNA10	22
GO:0003018	vascular process in circulatory system	29/833	269/18870	8.86448312913891e-06	0.00219364677285948	0.00190260848814347	SLC7A8/AKAP12/CDH5/ABCC1/TBXA2R/PDE2A/NOS3/PER2/CD38/ACE/PLEC/TBXAS1/SLC8A1/NPR1/ATP1B2/HRH1/BMP6/CPS1/CYSLTR1/EDN2/C2CD4B/SLC15A2/SLC29A2/CXCR2/FABP5/ADRB1/BDKRB2/HTR7/AGER	29
GO:0002687	positive regulation of leukocyte migration	20/833	149/18870	9.12209549109883e-06	0.00219364677285948	0.00190260848814347	CSF1R/CCL24/LYVE1/CCR1/S100A14/CMKLR1/CCL20/DAPK2/P2RY12/THY1/ADAM8/SPI1/EDN2/TNFSF14/CXCL10/FPR2/TREM2/ZP3/CXCR2/AGER	20
GO:0002685	regulation of leukocyte migration	26/833	230/18870	1.10291094283398e-05	0.00253168193695981	0.00219579542255128	CSF1R/GCNT1/HMOX1/CCL24/LYVE1/CCR1/S100A14/CMKLR1/CCL20/DAPK2/P2RY12/THY1/ADAM8/SPI1/EDN2/CD200R1/TNFSF14/MIF/CXCL10/FPR2/ELANE/TREM2/ZP3/RABGEF1/CXCR2/AGER	26
GO:0099177	regulation of trans-synaptic signaling	43/833	490/18870	1.50498108685535e-05	0.00330441499505197	0.00286600746105498	PTPRS/SHANK3/AKAP12/LRRC4/CD38/ACE/KCNJ10/HRH1/CUX2/CDC20/LILRB2/ADORA3/PPFIA3/APBA2/NEFH/CPLX1/HMGCR/CYP46A1/LRRTM2/CELF4/NEURL1/CBLN1/TUBB2B/CACNA1A/MAPK8IP2/TNR/DLGAP3/SYN3/MAP1A/AKAP5/SNAP25/LRRTM1/GRIK1/GRIN2D/CSPG5/FABP5/SCTR/SV2B/HAP1/GFAP/GRIK4/HOMER1/AGER	43
GO:0030593	neutrophil chemotaxis	16/833	107/18870	1.81264173665604e-05	0.00367473405764309	0.00318719508365876	VAV1/CKLF/CCL24/CCL20/DAPK2/CSF3R/FCER1G/EDN2/CXCL10/CCL23/CXCR2/CXCL9/CCL22/SAA1/CXCL11/CCL18	16
GO:0097530	granulocyte migration	20/833	156/18870	1.81917527606094e-05	0.00367473405764309	0.00318719508365876	VAV1/CSF1R/CKLF/CCL24/S100A14/CMKLR1/CCL20/DAPK2/CSF3R/ADAM8/FCER1G/EDN2/CXCL10/CCL23/CXCR2/CXCL9/CCL22/SAA1/CXCL11/CCL18	20
GO:0031100	animal organ regeneration	12/833	64/18870	1.99973205918972e-05	0.0038840949611185	0.00336877939201961	AXL/HSPG2/NOTCH1/ACE/ANGPT2/TYMS/CDKN1A/CDK1/CCNA2/NNMT/PDX1/NR4A3	12
GO:0009410	response to xenobiotic stimulus	39/833	434/18870	2.19161770057772e-05	0.00409913681033981	0.00355529093649275	VAV1/CRHBP/ABCC1/TBXA2R/HSPG2/CYBB/CD38/ACE/ABCA1/CYP2C19/CPS1/TYMS/CYP2S1/ABCB11/CDKN1A/ALDH3A1/CDK1/ACER2/CYP46A1/COL1A1/SLC22A12/FGF21/NNMT/IGFBP2/PDX1/AIM2/SLC6A2/SLC12A5/CYP26B1/UGT2B28/E2F1/FOS/AOC2/PRKAA2/SLCO1A2/RAD54L/RAD54B/SLC26A5/FMO1	39
GO:0050804	modulation of chemical synaptic transmission	42/833	489/18870	3.12811482663933e-05	0.00564177852661736	0.00489326533595723	PTPRS/SHANK3/AKAP12/LRRC4/CD38/ACE/KCNJ10/HRH1/CUX2/CDC20/LILRB2/ADORA3/PPFIA3/APBA2/NEFH/CPLX1/HMGCR/CYP46A1/LRRTM2/CELF4/NEURL1/CBLN1/TUBB2B/CACNA1A/MAPK8IP2/TNR/DLGAP3/SYN3/MAP1A/AKAP5/SNAP25/LRRTM1/GRIK1/GRIN2D/CSPG5/SCTR/SV2B/HAP1/GFAP/GRIK4/HOMER1/AGER	42
GO:0071695	anatomical structure maturation	27/833	261/18870	3.73096691807273e-05	0.00648041053662175	0.00562063329710955	AXL/SEMA4D/DCHS1/CDH5/ACVRL1/KDR/RFLNB/SOX18/ADAMTS7/SLC24A4/HOXA5/TYMS/CDKN1A/L3MBTL3/LHX6/CATSPER2/SPTBN4/CABYR/BHLHA15/TCP11/TDRD1/TRIP13/TRIM58/ROPN1B/FERMT1/SPINK1/C1QL1	27
GO:0031099	regeneration	22/833	191/18870	3.84974883363668e-05	0.00648041053662175	0.00562063329710955	PTPRS/AXL/HSPG2/NOTCH1/DUSP10/ACE/ANGPT2/IGF1R/THY1/TYMS/CDKN1A/CDK1/SPP1/CCNA2/FZD9/NNMT/TNR/PDX1/MAG/CSPG5/NR4A3/GFAP	22
GO:0070098	chemokine-mediated signaling pathway	14/833	91/18870	4.32741342991495e-05	0.00704949607131306	0.00611421639452499	CCL24/CCR1/CMKLR1/CCL20/CXCL10/CCL23/GPR35/TREM2/CXCR2/ACKR3/CXCL9/CCL22/CXCL11/CCL18	14
GO:0032102	negative regulation of response to external stimulus	41/833	481/18870	4.60415412346547e-05	0.00711507239672814	0.00617109249458797	PTPRS/CR1/SEMA4D/CDH5/IL10RA/NOTCH1/VSIG4/NOS3/DUSP10/SEMA6A/ANXA2/ELF4/SEMA6B/ANGPT2/AOAH/SIGLEC10/PTPRO/LILRA2/MEFV/CD200R1/ISG15/MIF/SPP1/LILRB1/FAP/MMRN1/FPR2/TRIM31/AURKB/ELANE/TNR/TREM2/RABGEF1/WNT4/NLRP12/IL2RA/SAA1/PGLYRP1/SEMA3A/FBXL2/PBK	41
GO:0098742	cell-cell adhesion via plasma-membrane adhesion molecules	28/833	279/18870	4.6494532493471e-05	0.00711507239672814	0.00617109249458797	VCAM1/PTPRS/FGFRL1/DCHS1/CDH5/LRRC4/CD209/HMCN2/CLDN7/LRRC4B/CDH23/PCDHGB7/DSCAM/PKD1/PTPRT/PCDHGB6/AJUBA/CD84/CADM3/NEXN/CBLN1/PCDHGA9/PCDHGB3/MAG/TENM3/PLXNB3/CDH4/CEACAM6	28
GO:1990266	neutrophil migration	17/833	129/18870	5.33210479457435e-05	0.00791493479049665	0.00686483453116343	VAV1/CKLF/CCL24/CCL20/DAPK2/CSF3R/ADAM8/FCER1G/EDN2/CXCL10/CCL23/CXCR2/CXCL9/CCL22/SAA1/CXCL11/CCL18	17
GO:0043114	regulation of vascular permeability	10/833	50/18870	5.48559836965114e-05	0.00791493479049665	0.00686483453116343	AKAP12/CDH5/PDE2A/PLEC/NPR1/HRH1/BMP6/C2CD4B/CXCR2/BDKRB2	10
GO:1905517	macrophage migration	11/833	61/18870	6.42592032283229e-05	0.00901413823063973	0.00781820305944595	CSF1R/CKLF/CMKLR1/P2RY12/EDN2/CD200R1/MIF/SFTPD/TREM2/SAA1/TAFA4	11
GO:1904062	regulation of monoatomic cation transmembrane transport	30/833	315/18870	6.70218622139195e-05	0.00914757849135928	0.0079339393647829	KCNJ2/KCNAB1/UTRN/SCN1B/WNK3/SLC8A1/HECW2/ATP1B2/THY1/P2RY6/CABP4/CXCL10/MMP9/GPR35/ATP2A1/TREM2/FXYD2/LIME1/CXCL9/AKAP5/FGF12/GRIN2D/PLP1/KCNG1/SCN2B/DRD4/HAP1/CASQ2/CXCL11/HOMER1	30
GO:0043270	positive regulation of monoatomic ion transport	23/833	214/18870	7.68213086097717e-05	0.0102091475915618	0.00885466662396842	SHANK3/KCNJ2/SCN1B/CCR1/WNK3/ATP1B2/P2RY12/THY1/LILRA2/P2RY6/CXCL10/ATP2A1/TREM2/FXYD2/CXCL9/AKAP5/FGF12/PLP1/TRPC6/DRD4/HAP1/CXCL11/HOMER1	23
GO:0070661	leukocyte proliferation	32/833	350/18870	8.47875521052396e-05	0.0109789009777297	0.00952229431335768	VCAM1/CR1/CSF1R/CD209/VSIG4/INPP5D/CLEC4G/DOCK2/CD38/ELF4/ACE/FCGR3A/CD180/EBI3/LILRB2/CD24/SLC39A10/CDKN1A/CSF2RB/TNFSF14/MIF/LILRB1/SFTPD/HELLS/CLC/IGFBP2/TREM2/ZP3/WNT4/PLA2G2D/IL2RA/AGER	32
GO:1905818	regulation of chromosome separation	12/833	74/18870	8.91684971355064e-05	0.0111285503328536	0.00965208919958394	CDC20/SMC4/PRAP1/BIRC5/ESPL1/AURKB/PLK1/TRIP13/SPC25/BUB1/NDC80/NCAPG	12
GO:0034405	response to fluid shear stress	8/833	34/18870	9.09953419255999e-05	0.0111285503328536	0.00965208919958394	CITED2/NOS3/SMAD6/ADAM9/ACE/ABCA1/PLEC/PKD1	8
GO:0032412	regulation of monoatomic ion transmembrane transporter activity	24/833	231/18870	9.25542799960104e-05	0.0111285503328536	0.00965208919958394	CRHBP/SHANK3/KCNAB1/UTRN/SCN1B/WNK3/HECW2/ATP1B2/P2RY6/CABP4/MMP9/GPR35/ATP2A1/MAPK8IP2/TREM2/FXYD2/FGF12/KCNG1/SCN2B/TRPC6/DRD4/HAP1/CASQ2/HOMER1	24
GO:0003183	mitral valve morphogenesis	5/833	12/18870	0.000101201254555331	0.0117330519599906	0.0101763896207444	DCHS1/NOTCH1/ZFPM1/SMAD6/SOX4	5
GO:0050808	synapse organization	40/833	483/18870	0.0001062424481254	0.0117330519599906	0.0101763896207444	PTPRS/NRP2/SEMA4D/SHANK3/LRRC4/TIAM1/SPTBN2/IL10RA/C1QC/HMCN2/C1QB/CTTNBP2/LRRC4B/IGF1R/CUX2/DSCAM/PTPRT/CDC20/LILRB2/PPFIA3/PTPRO/NEFH/BSN/SEZ6L/LRRTM2/FZD9/SLITRK4/DOK7/SPTBN4/NEURL1/CBLN1/KIF1A/TNR/TREM2/DLGAP3/SNAP25/LRRTM1/GABRB3/C1QL1/HOMER1	40
GO:0033047	regulation of mitotic sister chromatid segregation	10/833	54/18870	0.00010894590484629	0.0117330519599906	0.0101763896207444	CDC20/PRAP1/CDK1/BIRC5/AURKB/PLK1/TRIP13/SPC25/BUB1/NDC80	10
GO:1990868	response to chemokine	14/833	99/18870	0.0001111066281478	0.0117330519599906	0.0101763896207444	CCL24/CCR1/CMKLR1/CCL20/CXCL10/CCL23/GPR35/TREM2/CXCR2/ACKR3/CXCL9/CCL22/CXCL11/CCL18	14
GO:1990869	cellular response to chemokine	14/833	99/18870	0.0001111066281478	0.0117330519599906	0.0101763896207444	CCL24/CCR1/CMKLR1/CCL20/CXCL10/CCL23/GPR35/TREM2/CXCR2/ACKR3/CXCL9/CCL22/CXCL11/CCL18	14
GO:0072001	renal system development	30/833	324/18870	0.000111522078035555	0.0117330519599906	0.0101763896207444	BASP1/DCHS1/GCNT1/IQGAP1/NOTCH1/SMAD6/ACE/ANGPT2/KLHL3/EGR1/BMP10/BMP6/PKD1/CD24/PTPRO/AHI1/CEP290/MMP9/HELLS/HS3ST3A1/SOX4/FREM2/CYP26B1/MYOCD/CXCR2/WNT4/TMEM59L/TBX18/GCNT3/PYGO1	30
GO:0001504	neurotransmitter uptake	9/833	45/18870	0.000129019795612802	0.0132969381192785	0.0115327898935525	PER2/KCNJ10/SLC29A2/SLC6A2/SNAP25/SLC18A2/RAB3B/DRD4/GFAP	9
GO:0032943	mononuclear cell proliferation	29/833	314/18870	0.000150690995123777	0.0140429748918235	0.012179847529938	VCAM1/CR1/CD209/VSIG4/INPP5D/CLEC4G/DOCK2/CD38/ELF4/ACE/FCGR3A/CD180/EBI3/LILRB2/CD24/SLC39A10/CDKN1A/TNFSF14/MIF/LILRB1/SFTPD/HELLS/CLC/IGFBP2/ZP3/WNT4/PLA2G2D/IL2RA/AGER	29
GO:0007094	mitotic spindle assembly checkpoint signaling	9/833	46/18870	0.000154190257222975	0.0140429748918235	0.012179847529938	CDC20/PRAP1/BIRC5/AURKB/PLK1/TRIP13/SPC25/BUB1/NDC80	9
GO:0071173	spindle assembly checkpoint signaling	9/833	46/18870	0.000154190257222975	0.0140429748918235	0.012179847529938	CDC20/PRAP1/BIRC5/AURKB/PLK1/TRIP13/SPC25/BUB1/NDC80	9
GO:0071174	mitotic spindle checkpoint signaling	9/833	46/18870	0.000154190257222975	0.0140429748918235	0.012179847529938	CDC20/PRAP1/BIRC5/AURKB/PLK1/TRIP13/SPC25/BUB1/NDC80	9
GO:0021700	developmental maturation	30/833	330/18870	0.00015440666836527	0.0140429748918235	0.012179847529938	AXL/SEMA4D/DCHS1/CDH5/ACVRL1/KDR/RFLNB/SOX18/ADAMTS7/SLC24A4/CDC20/HOXA5/TYMS/CDKN1A/L3MBTL3/SEZ6L/LHX6/CATSPER2/SPTBN4/CABYR/NEURL1/BHLHA15/TCP11/TDRD1/TRIP13/TRIM58/ROPN1B/FERMT1/SPINK1/C1QL1	30
GO:0022898	regulation of transmembrane transporter activity	24/833	239/18870	0.000156778964543029	0.0140429748918235	0.012179847529938	CRHBP/SHANK3/KCNAB1/UTRN/SCN1B/WNK3/HECW2/ATP1B2/P2RY6/CABP4/MMP9/GPR35/ATP2A1/MAPK8IP2/TREM2/FXYD2/FGF12/KCNG1/SCN2B/TRPC6/DRD4/HAP1/CASQ2/HOMER1	24
GO:0003174	mitral valve development	5/833	13/18870	0.000158481940363806	0.0140429748918235	0.012179847529938	DCHS1/NOTCH1/ZFPM1/SMAD6/SOX4	5
GO:0019722	calcium-mediated signaling	22/833	210/18870	0.000158504865115631	0.0140429748918235	0.012179847529938	VCAM1/KDR/CCR1/FCGR3A/CMKLR1/SLC8A1/CCL20/SLC24A4/P2RY12/NFAT5/HOMER3/EDN2/FPR2/POMC/TREM2/BHLHA15/CXCR2/ACKR3/AKAP5/GRIN2D/CASQ2/LAT	22
GO:0070269	pyroptosis	8/833	37/18870	0.000172077463212593	0.0149826067107517	0.0129948153253648	NAIP/IFI27/MEFV/ELANE/TREM2/AIM2/GBP3/GSDMB	8
GO:0031577	spindle checkpoint signaling	9/833	47/18870	0.000183325994094751	0.0156307635212783	0.0135569790540988	CDC20/PRAP1/BIRC5/AURKB/PLK1/TRIP13/SPC25/BUB1/NDC80	9
GO:0051321	meiotic cell cycle	27/833	287/18870	0.000186339161842495	0.0156307635212783	0.0135569790540988	CKS2/TOP2A/CDC20/SMC4/PTTG1/MOV10L1/RAD51/CCNB2/ESPL1/WBP2NL/PKMYT1/SPATA22/MNS1/RSPH1/PLK1/TDRD1/NPM2/TRIP13/SGO1/CYP26B1/WNT4/NEK2/NDC80/EXO1/MEIOB/RAD54L/RAD54B	27
GO:0048167	regulation of synaptic plasticity	22/833	214/18870	0.000207899509569278	0.0156307635212783	0.0135569790540988	SHANK3/CD38/ACE/KCNJ10/HRH1/CDC20/LILRB2/PPFIA3/HMGCR/CYP46A1/LRRTM2/NEURL1/CBLN1/TNR/MAP1A/AKAP5/SNAP25/LRRTM1/GRIN2D/SCTR/GFAP/AGER	22
GO:0045785	positive regulation of cell adhesion	39/833	482/18870	0.000208443265033485	0.0156307635212783	0.0135569790540988	VCAM1/CR1/CITED2/VAV1/GCNT1/CD209/KDR/UTRN/DUSP10/ADAM9/EBI3/P2RY12/NFAT5/THY1/ADAM8/LILRB2/CD24/SIRPB1/TNFSF14/LILRB1/MMRN1/SOCS1/ELANE/SOX4/IGFBP2/ZP3/OLFM4/NDNF/WNT4/FERMT1/HLA-DQA1/CSPG5/IL2RA/ALOX15/SAA1/NR4A3/LAMA1/AGER/CEACAM6	39
GO:1905820	positive regulation of chromosome separation	7/833	29/18870	0.000211903165664815	0.0156307635212783	0.0135569790540988	CDC20/SMC4/PRAP1/BIRC5/ESPL1/AURKB/NCAPG	7
GO:0051983	regulation of chromosome segregation	16/833	131/18870	0.000216139457456226	0.0156307635212783	0.0135569790540988	HECW2/CDC20/SMC4/PRAP1/CDK1/BIRC5/ESPL1/MKI67/AURKB/PLK1/TRIP13/CENPE/SPC25/BUB1/NDC80/NCAPG	16
GO:0051304	chromosome separation	12/833	81/18870	0.000216687202899063	0.0156307635212783	0.0135569790540988	CDC20/SMC4/PRAP1/BIRC5/ESPL1/AURKB/PLK1/TRIP13/SPC25/BUB1/NDC80/NCAPG	12
GO:0033046	negative regulation of sister chromatid segregation	9/833	48/18870	0.000216901208288365	0.0156307635212783	0.0135569790540988	CDC20/PRAP1/BIRC5/AURKB/PLK1/TRIP13/SPC25/BUB1/NDC80	9
GO:0033048	negative regulation of mitotic sister chromatid segregation	9/833	48/18870	0.000216901208288365	0.0156307635212783	0.0135569790540988	CDC20/PRAP1/BIRC5/AURKB/PLK1/TRIP13/SPC25/BUB1/NDC80	9
GO:0045841	negative regulation of mitotic metaphase/anaphase transition	9/833	48/18870	0.000216901208288365	0.0156307635212783	0.0135569790540988	CDC20/PRAP1/BIRC5/AURKB/PLK1/TRIP13/SPC25/BUB1/NDC80	9
GO:2000816	negative regulation of mitotic sister chromatid separation	9/833	48/18870	0.000216901208288365	0.0156307635212783	0.0135569790540988	CDC20/PRAP1/BIRC5/AURKB/PLK1/TRIP13/SPC25/BUB1/NDC80	9
GO:0034767	positive regulation of monoatomic ion transmembrane transport	18/833	158/18870	0.000217775743367189	0.0156307635212783	0.0135569790540988	SHANK3/KCNJ2/SCN1B/WNK3/ATP1B2/THY1/P2RY6/CXCL10/ATP2A1/TREM2/FXYD2/CXCL9/AKAP5/PLP1/TRPC6/DRD4/HAP1/CXCL11	18
GO:0002764	immune response-regulating signaling pathway	40/833	500/18870	0.000219759249507081	0.0156307635212783	0.0135569790540988	PTPRS/CR1/VAV1/LRCH4/LCP2/SCIMP/FYB2/INPP5D/CD38/FCGR3A/S100A14/CMKLR1/NAIP/THY1/NFAM1/FCER1G/BLK/LILRB2/CD24/TLR8/SLC39A10/BIRC3/LILRA2/MEFV/CD200R1/LILRB1/FPR2/SLC15A2/TRIM31/FPR1/TREM2/RABGEF1/BMX/AIM2/LIME1/CLEC4E/NR4A3/FCGR1A/FBXL2/LAT	40
GO:0050921	positive regulation of chemotaxis	17/833	145/18870	0.000228823005859524	0.015916155272545	0.0138045069492568	CSF1R/TIAM1/KDR/CCR1/S100A14/CMKLR1/DAPK2/P2RY12/SPI1/DSCAM/EDN2/TNFSF14/CXCL10/FPR2/TREM2/CXCR2/AGER	17
GO:0010965	regulation of mitotic sister chromatid separation	10/833	59/18870	0.000234392923210616	0.015916155272545	0.0138045069492568	CDC20/PRAP1/BIRC5/ESPL1/AURKB/PLK1/TRIP13/SPC25/BUB1/NDC80	10
GO:0099150	regulation of postsynaptic specialization assembly	5/833	14/18870	0.000237587697128066	0.015916155272545	0.0138045069492568	PTPRS/SPTBN2/LRRC4B/LRRTM2/CBLN1	5
GO:1905874	regulation of postsynaptic density organization	5/833	14/18870	0.000237587697128066	0.015916155272545	0.0138045069492568	PTPRS/LRRC4B/LILRB2/LRRTM2/CBLN1	5
GO:0046651	lymphocyte proliferation	28/833	307/18870	0.000239574794941649	0.015916155272545	0.0138045069492568	VCAM1/CR1/CD209/VSIG4/INPP5D/CLEC4G/DOCK2/CD38/ELF4/FCGR3A/CD180/EBI3/LILRB2/CD24/SLC39A10/CDKN1A/TNFSF14/MIF/LILRB1/SFTPD/HELLS/CLC/IGFBP2/ZP3/WNT4/PLA2G2D/IL2RA/AGER	28
GO:2001251	negative regulation of chromosome organization	13/833	94/18870	0.000242681971482369	0.015916155272545	0.0138045069492568	XRN1/TOP2A/CDC20/PRAP1/RTEL1/BIRC5/ESPL1/AURKB/PLK1/TRIP13/SPC25/BUB1/NDC80	13
GO:0002548	monocyte chemotaxis	11/833	71/18870	0.000263504966073684	0.0170602574188731	0.0147968173256761	CCL24/FLT1/CCR1/S100A14/CCL20/PTPRO/CXCL10/CCL23/FPR2/CCL22/CCL18	11
GO:0042391	regulation of membrane potential	36/833	440/18870	0.000291992009355336	0.0181136025575978	0.0157104117232234	SHANK3/KCNJ2/KDR/SCN1B/KCNJ10/SLC8A1/SLC24A4/IFI6/ATP1B2/CUX2/CHRNE/EHD3/KCNK13/KCNH7/GPR35/FZD9/CELF4/INSYN2B/CBLN1/MAPK8IP2/TREM2/GABRE/FGF12/GRIK1/GRIN2D/ADRB1/SCN2B/GABRB3/TAFA4/TBX18/DRD4/CASQ2/GRIK4/CHRNA10/GPR88/SLC26A5	36
GO:0051985	negative regulation of chromosome segregation	9/833	50/18870	0.00029945553529388	0.0181136025575978	0.0157104117232234	CDC20/PRAP1/BIRC5/AURKB/PLK1/TRIP13/SPC25/BUB1/NDC80	9
GO:1902100	negative regulation of metaphase/anaphase transition of cell cycle	9/833	50/18870	0.00029945553529388	0.0181136025575978	0.0157104117232234	CDC20/PRAP1/BIRC5/AURKB/PLK1/TRIP13/SPC25/BUB1/NDC80	9
GO:1905819	negative regulation of chromosome separation	9/833	50/18870	0.00029945553529388	0.0181136025575978	0.0157104117232234	CDC20/PRAP1/BIRC5/AURKB/PLK1/TRIP13/SPC25/BUB1/NDC80	9
GO:0043410	positive regulation of MAPK cascade	38/833	474/18870	0.000300306174990157	0.0181136025575978	0.0157104117232234	MARCO/PELI2/FLT4/CSF1R/RELL1/AKAP12/SCIMP/ERN1/IQGAP1/NOTCH1/KDR/CCL24/FLT1/ADAM9/CCR1/CCL20/IGF1R/NAIP/ADAM8/SPI1/CD24/TNIK/P2RY6/MIF/CCL23/FPR2/ELANE/FGF21/MAPK8IP2/TREM2/ACKR3/CCL22/CSPG4/ALOX15/DRD4/SEMA3A/CCL18/AGER	38
GO:0070482	response to oxygen levels	30/833	343/18870	0.000301306933274826	0.0181136025575978	0.0157104117232234	VCAM1/CITED2/ACVRL1/HSPG2/NOTCH1/HMOX1/CYBB/CD38/ACE/ANGPT2/FABP1/EGR1/ADAM8/CD24/CYSLTR1/HK2/AJUBA/CDKN1A/EGLN3/GUCY1A2/COL1A1/CCNA2/SOX4/TREM2/NDNF/MYOCD/FOS/UCP3/AGER/DIO3	30
GO:0000280	nuclear division	36/833	441/18870	0.000304882419286299	0.0181136025575978	0.0157104117232234	PDXP/CKS2/TOP2A/CDC20/SMC4/PTTG1/PRAP1/MOV10L1/RAD51/CDK1/CCNB2/CHMP4A/BIRC5/ESPL1/PKMYT1/SPATA22/MKI67/AURKB/PLK1/NPM2/TRIP13/SGO1/CENPK/MYBL2/CYP26B1/WNT4/CENPE/SPC25/BUB1/NEK2/NDC80/NCAPG/MEIOB/ARHGEF10/RAD54L/RAD54B	36
GO:1902850	microtubule cytoskeleton organization involved in mitosis	18/833	163/18870	0.000320747745455199	0.0188346059831251	0.0163357572685322	DYNLT1/MAP1S/PKD1/CDC20/CDK1/CHMP4A/BIRC5/ESPL1/SAPCD2/AURKB/PLK1/MYBL2/CENPE/SPC25/NEK2/NDC80/ARHGEF10/CEP126	18
GO:0022407	regulation of cell-cell adhesion	39/833	493/18870	0.000328233420570772	0.0190526295848551	0.0165248549666664	VCAM1/CR1/CITED2/VAV1/NOTCH4/GCNT1/CD209/NOTCH1/VSIG4/DUSP10/CLEC4G/NRARP/EBI3/BMP6/NFAT5/THY1/ADAM8/SPI1/LILRB2/CD24/SIRPB1/TNFSF14/LILRB1/MMRN1/SOCS1/SFTPD/ELANE/SOX4/IGFBP2/TNR/ZP3/WNT4/PLA2G2D/HLA-DQA1/IL2RA/TENM3/NR4A3/AGER/CEACAM6	39
GO:0061982	meiosis I cell cycle process	16/833	136/18870	0.000332689883472634	0.0190918626311	0.0165588828364788	CKS2/TOP2A/CDC20/PTTG1/MOV10L1/RAD51/CCNB2/ESPL1/PKMYT1/SPATA22/PLK1/TRIP13/NDC80/MEIOB/RAD54L/RAD54B	16
GO:0001822	kidney development	28/833	314/18870	0.000346253556379844	0.0195941667034397	0.0169945445863496	BASP1/DCHS1/GCNT1/IQGAP1/NOTCH1/SMAD6/ACE/ANGPT2/KLHL3/EGR1/BMP10/BMP6/PKD1/CD24/PTPRO/AHI1/CEP290/MMP9/HELLS/HS3ST3A1/SOX4/FREM2/CYP26B1/CXCR2/WNT4/TMEM59L/GCNT3/PYGO1	28
GO:0002768	immune response-regulating cell surface receptor signaling pathway	30/833	346/18870	0.00034920297095239	0.0195941667034397	0.0169945445863496	CR1/VAV1/LCP2/SCIMP/FYB2/INPP5D/CD38/FCGR3A/S100A14/CMKLR1/THY1/NFAM1/FCER1G/BLK/LILRB2/CD24/SLC39A10/LILRA2/CD200R1/LILRB1/FPR2/FPR1/TREM2/RABGEF1/BMX/LIME1/CLEC4E/NR4A3/FCGR1A/LAT	30
GO:0051306	mitotic sister chromatid separation	10/833	62/18870	0.000356026328715009	0.0197575050550637	0.0171362123051839	CDC20/PRAP1/BIRC5/ESPL1/AURKB/PLK1/TRIP13/SPC25/BUB1/NDC80	10
GO:0048246	macrophage chemotaxis	8/833	41/18870	0.000364315371480335	0.0199977459345184	0.017344579642216	CSF1R/CKLF/CMKLR1/EDN2/MIF/SFTPD/SAA1/TAFA4	8
GO:0140013	meiotic nuclear division	20/833	194/18870	0.000382439263758575	0.0207668632471054	0.0180116556479845	CKS2/TOP2A/CDC20/SMC4/PTTG1/MOV10L1/RAD51/CCNB2/ESPL1/SPATA22/PLK1/NPM2/TRIP13/SGO1/CYP26B1/WNT4/NDC80/MEIOB/RAD54L/RAD54B	20
GO:0007409	axonogenesis	36/833	448/18870	0.000410265721003481	0.02204087118157	0.0191166367871835	PTPRS/NRP2/CSF1R/SEMA4D/TIAM1/NOTCH1/HMCN2/SEMA6A/SCN1B/SEMA6B/IGF1R/NOVA2/MAP1S/THY1/DSCAM/ARHGAP4/EDN2/PTPRO/PARD6B/NEFH/NTN3/SPP1/NEXN/SLITRK4/SPTBN4/TUBB2B/TNR/MAP1A/SNAP25/MAG/ANOS1/GFRA3/PLXNB3/CDH4/EPHA10/SEMA3A	36
GO:0051960	regulation of nervous system development	37/833	466/18870	0.000431174970736625	0.0229203537075785	0.0198794354929097	PTPRS/SKI/ETV5/SEMA4D/SHANK3/TIAM1/NOTCH1/DUSP10/SEMA6A/DYNLT1/PER2/ANXA2/DLL4/ACE/SEMA6B/LRRC4B/CUX2/THY1/DSCAM/ARHGAP4/CYSLTR1/SPP1/LRRTM2/SLITRK4/NEURL1/CBLN1/TNR/TREM2/LRRTM1/MAG/PLXNB3/RNF112/CDH4/ACAN/HAP1/GFAP/SEMA3A	37
GO:0007156	homophilic cell adhesion via plasma membrane adhesion molecules	18/833	168/18870	0.000463638145814405	0.0241378622305438	0.020935413182135	DCHS1/CDH5/HMCN2/CDH23/PCDHGB7/DSCAM/PKD1/PTPRT/PCDHGB6/CD84/CADM3/NEXN/PCDHGA9/PCDHGB3/TENM3/PLXNB3/CDH4/CEACAM6	18
GO:1990845	adaptive thermogenesis	18/833	168/18870	0.000463638145814405	0.0241378622305438	0.020935413182135	NOTCH1/PER2/BSCL2/KDM6B/CMKLR1/IGF1R/NOVA2/ZNF423/LCN2/FGF21/CIDEA/PTH2R/FABP5/FABP4/SCTR/ADRB1/MFAP2/UCP3	18
GO:0055091	phospholipid homeostasis	5/833	16/18870	0.000481520450573163	0.0246851777829022	0.0214101145919033	CETP/FABP3/ABCG1/ABCA1/ABCB11	5
GO:0001659	temperature homeostasis	19/833	183/18870	0.000485040747477316	0.0246851777829022	0.0214101145919033	NOTCH1/PER2/BSCL2/KDM6B/CMKLR1/IGF1R/NOVA2/EGR1/EDN2/ZNF423/LCN2/FGF21/CIDEA/PTH2R/FABP5/FABP4/ADRB1/PTGES/MFAP2	19
GO:0006898	receptor-mediated endocytosis	24/833	258/18870	0.000488815401641627	0.0246851777829022	0.0214101145919033	SIGLEC1/STAB1/MARCO/MRC1/APOC2/HSPG2/STAB2/LYVE1/ANXA2/MSR1/FCER1G/HMMR/AHI1/LRRTM2/LILRB1/SFTPD/RABGEF1/CXCR2/ACKR3/SNAP25/LRRTM1/ANKRD13B/DRD4/FCGR1A	24
GO:1904064	positive regulation of cation transmembrane transport	16/833	141/18870	0.000499887846842877	0.0249943923421439	0.0216783046452654	KCNJ2/SCN1B/WNK3/ATP1B2/THY1/P2RY6/CXCL10/ATP2A1/TREM2/FXYD2/CXCL9/AKAP5/PLP1/DRD4/HAP1/CXCL11	16
GO:0099084	postsynaptic specialization organization	8/833	43/18870	0.000511461679801793	0.0253223674803829	0.0219627662503123	PTPRS/SHANK3/LRRC4/SPTBN2/LRRC4B/LILRB2/LRRTM2/CBLN1	8
GO:0000070	mitotic sister chromatid segregation	19/833	184/18870	0.000519082225983811	0.0254501479729927	0.0220735936874669	CDC20/SMC4/PRAP1/CDK1/CHMP4A/BIRC5/ESPL1/AURKB/PLK1/TRIP13/CENPK/MYBL2/CENPE/SPC25/BUB1/NEK2/NDC80/NCAPG/ARHGEF10	19
GO:0050807	regulation of synapse organization	23/833	244/18870	0.000527901603776847	0.0256336836449334	0.0222327790821403	PTPRS/NRP2/SEMA4D/SHANK3/TIAM1/IL10RA/CTTNBP2/LRRC4B/CUX2/PTPRT/CDC20/LILRB2/PTPRO/LRRTM2/SLITRK4/NEURL1/CBLN1/KIF1A/TREM2/SNAP25/LRRTM1/C1QL1/HOMER1	23
GO:1903046	meiotic cell cycle process	21/833	214/18870	0.000536264136759179	0.02579175133937	0.0223698754190972	CKS2/TOP2A/CDC20/SMC4/PTTG1/MOV10L1/RAD51/CCNB2/ESPL1/PKMYT1/SPATA22/PLK1/NPM2/TRIP13/SGO1/CYP26B1/WNT4/NDC80/MEIOB/RAD54L/RAD54B	21
GO:0031589	cell-substrate adhesion	30/833	356/18870	0.000561195430380885	0.0267361973907874	0.0231890187270592	VCAM1/SIGLEC1/AXL/TIAM1/ACVRL1/NOTCH1/KDR/ONECUT1/UTRN/ITGAD/LYVE1/SMAD6/ADAM9/ANGPT2/ATP1B2/LIMCH1/THY1/PKD1/AJUBA/PTPRO/ACER2/COL1A1/CDKN2A/OLFM4/NDNF/WNT4/FERMT1/CSPG5/ALOX15/CEACAM6	30
GO:0030071	regulation of mitotic metaphase/anaphase transition	12/833	90/18870	0.000584249957348727	0.0275744138748698	0.0239160262914713	HECW2/CDC20/PRAP1/BIRC5/ESPL1/AURKB/PLK1/TRIP13/CENPE/SPC25/BUB1/NDC80	12
GO:0050767	regulation of neurogenesis	32/833	390/18870	0.000591223327977137	0.0276156192846707	0.0239517648449223	PTPRS/SKI/ETV5/SEMA4D/SHANK3/TIAM1/NOTCH1/DUSP10/SEMA6A/DYNLT1/PER2/ANXA2/DLL4/ACE/SEMA6B/CUX2/THY1/DSCAM/ARHGAP4/CYSLTR1/SPP1/NEURL1/TNR/TREM2/MAG/PLXNB3/RNF112/CDH4/ACAN/HAP1/GFAP/SEMA3A	32
GO:0050771	negative regulation of axonogenesis	10/833	66/18870	0.000596059901391902	0.0276156192846707	0.0239517648449223	PTPRS/SEMA4D/SEMA6A/SEMA6B/THY1/ARHGAP4/SPP1/TNR/MAG/SEMA3A	10
GO:0055075	potassium ion homeostasis	7/833	34/18870	0.00060261158838953	0.0276653501942466	0.0239948977922377	KCNJ2/KCNJ10/KLHL3/ATP1B2/SLC12A1/FXYD2/SLC12A5	7
GO:0050727	regulation of inflammatory response	34/833	425/18870	0.000635071547748222	0.0288333101229308	0.0250079006610766	CDH5/ABCC1/IL10RA/PDE2A/CCL24/DUSP10/ELF4/NAIP/AOAH/SIGLEC10/ADAM8/C2CD4B/BIRC3/MEFV/CD200R1/FPR2/MMP9/ELANE/TREM2/ZP3/RABGEF1/AIM2/PLA2G2D/NLRP12/IL2RA/FABP4/ALOX15/SAA1/PTGES/PGLYRP1/FCGR1A/AGER/FBXL2/PBK	34
GO:0031666	positive regulation of lipopolysaccharide-mediated signaling pathway	4/833	10/18870	0.000639471432429357	0.0288333101229308	0.0250079006610766	SCIMP/CD180/BMP6/MIF	4
GO:0036005	response to macrophage colony-stimulating factor	5/833	17/18870	0.000657500810498113	0.0291441618360316	0.0252775106617462	CSF1R/PDE2A/SPP1/DCSTAMP/TREM2	5
GO:0033045	regulation of sister chromatid segregation	13/833	104/18870	0.00065790781174408	0.0291441618360316	0.0252775106617462	HECW2/CDC20/PRAP1/CDK1/BIRC5/ESPL1/AURKB/PLK1/TRIP13/CENPE/SPC25/BUB1/NDC80	13
GO:0006956	complement activation	10/833	67/18870	0.000673397780063467	0.0295709459940914	0.0256476719711129	CFD/CR1/CFP/CD5L/C1QC/VSIG4/C1QB/CFB/TREM2/CR1L	10
GO:0070374	positive regulation of ERK1 and ERK2 cascade	21/833	218/18870	0.000683721972545966	0.0296693125365216	0.0257329879029633	MARCO/FLT4/CSF1R/AKAP12/SCIMP/NOTCH1/KDR/CCL24/CCR1/CCL20/P2RY6/MIF/CCL23/FPR2/FGF21/TREM2/ACKR3/CCL22/ALOX15/CCL18/AGER	21
GO:0007162	negative regulation of cell adhesion	27/833	312/18870	0.000695681749338157	0.0296693125365216	0.0257329879029633	CR1/SEMA4D/NOTCH4/ACVRL1/HSPG2/NOTCH1/VSIG4/SEMA6A/CLEC4G/CLDN7/ANGPT2/NRARP/BMP6/SPI1/DSCAM/LILRB2/PTPRO/ACER2/COL1A1/LILRB1/SOCS1/SFTPD/TNR/CDKN2A/PLA2G2D/IL2RA/PLXNB3	27
GO:0098813	nuclear chromosome segregation	27/833	312/18870	0.000695681749338157	0.0296693125365216	0.0257329879029633	HECW2/MAP1S/TOP2A/CDC20/SMC4/PTTG1/PRAP1/CDK1/CCNB2/CHMP4A/BIRC5/ESPL1/SPATA22/AURKB/PLK1/TRIP13/SGO1/CENPK/MYBL2/CENPE/SPC25/BUB1/NEK2/NDC80/NCAPG/MEIOB/ARHGEF10	27
GO:0007088	regulation of mitotic nuclear division	14/833	118/18870	0.000705013367204474	0.0296693125365216	0.0257329879029633	PDXP/CDC20/PRAP1/BIRC5/ESPL1/PKMYT1/MKI67/AURKB/PLK1/TRIP13/SPC25/BUB1/NEK2/NDC80	14
GO:0051928	positive regulation of calcium ion transport	14/833	118/18870	0.000705013367204474	0.0296693125365216	0.0257329879029633	CCR1/WNK3/THY1/LILRA2/P2RY6/CXCL10/ATP2A1/CXCL9/AKAP5/PLP1/TRPC6/HAP1/CXCL11/HOMER1	14
GO:0045839	negative regulation of mitotic nuclear division	9/833	56/18870	0.000715057222891527	0.0298432973190265	0.0258838895559082	CDC20/PRAP1/BIRC5/AURKB/PLK1/TRIP13/SPC25/BUB1/NDC80	9
GO:0070372	regulation of ERK1 and ERK2 cascade	27/833	313/18870	0.000730316036410117	0.0301041938699909	0.0261101721090218	MARCO/FLT4/CSF1R/AKAP12/SCIMP/TIAM1/NOTCH1/KDR/CCL24/DUSP10/SEMA6A/CCR1/CCL20/P2RY6/HMGCR/MIF/CCL23/FPR2/FGF21/TREM2/ACKR3/CCL22/NLRP12/ALOX15/CHRNA10/CCL18/AGER	27
GO:0051783	regulation of nuclear division	16/833	146/18870	0.00073454144740578	0.0301041938699909	0.0261101721090218	PDXP/CDC20/PRAP1/BIRC5/ESPL1/PKMYT1/MKI67/AURKB/PLK1/NPM2/TRIP13/WNT4/SPC25/BUB1/NEK2/NDC80	16
GO:0050803	regulation of synapse structure or activity	23/833	250/18870	0.000739192087104728	0.0301041938699909	0.0261101721090218	PTPRS/NRP2/SEMA4D/SHANK3/TIAM1/IL10RA/CTTNBP2/LRRC4B/CUX2/PTPRT/CDC20/LILRB2/PTPRO/LRRTM2/SLITRK4/NEURL1/CBLN1/KIF1A/TREM2/SNAP25/LRRTM1/C1QL1/HOMER1	23
GO:0002437	inflammatory response to antigenic stimulus	11/833	80/18870	0.000752475586162966	0.0304000136809838	0.0263667445391503	NOTCH1/FCGR3A/KDM6B/CYSLTR1/ELANE/TREM2/ZP3/CXCR2/PLA2G2D/IL2RA/FCGR1A	11
GO:0051251	positive regulation of lymphocyte activation	28/833	330/18870	0.000760205454791923	0.0304685519579302	0.0264261896189573	VCAM1/CR1/VAV1/AXL/CD209/DUSP10/INPP5D/CD38/FCGR3A/EBI3/THY1/ADAM8/SPI1/LILRB2/CD24/SLC39A10/SIRPB1/CDKN1A/TNFSF14/MIF/LILRB1/SOCS1/SOX4/IGFBP2/ZP3/HLA-DQA1/IL2RA/AGER	28
GO:0001666	response to hypoxia	26/833	298/18870	0.000768200409847405	0.0305465517301527	0.0264938409065483	VCAM1/CITED2/ACVRL1/HSPG2/NOTCH1/HMOX1/CYBB/CD38/ACE/ANGPT2/FABP1/EGR1/ADAM8/CD24/HK2/AJUBA/EGLN3/CCNA2/SOX4/TREM2/NDNF/MYOCD/FOS/UCP3/AGER/DIO3	26
GO:0002438	acute inflammatory response to antigenic stimulus	6/833	26/18870	0.000783100556519101	0.0307640427014127	0.0266824766400371	FCGR3A/ELANE/ZP3/CXCR2/PLA2G2D/FCGR1A	6
GO:1902099	regulation of metaphase/anaphase transition of cell cycle	12/833	93/18870	0.000787768114178306	0.0307640427014127	0.0266824766400371	HECW2/CDC20/PRAP1/BIRC5/ESPL1/AURKB/PLK1/TRIP13/CENPE/SPC25/BUB1/NDC80	12
GO:0070663	regulation of leukocyte proliferation	24/833	267/18870	0.000796224320613598	0.0307640427014127	0.0266824766400371	VCAM1/CR1/CSF1R/CD209/VSIG4/INPP5D/CLEC4G/CD38/FCGR3A/EBI3/LILRB2/CD24/SLC39A10/CDKN1A/CSF2RB/MIF/LILRB1/SFTPD/CLC/IGFBP2/ZP3/PLA2G2D/IL2RA/AGER	24
GO:0001819	positive regulation of cytokine production	38/833	499/18870	0.000801925282370825	0.0307640427014127	0.0266824766400371	FLT4/CSF1R/AKAP12/SCIMP/HMOX1/ZFPM1/CYBB/FCGR3A/EBI3/EGR1/NAIP/NFAM1/ADAM8/FCER1G/CD244/PANX2/LILRB2/TLR8/CD84/LILRA2/MEFV/SCAMP5/ISG15/MIF/LTB/LILRB1/ELANE/TREM2/ZP3/PRG2/AIM2/FERMT1/NLRP12/SAA1/CLEC4E/NR4A3/AGER/CHIA	38
GO:0036293	response to decreased oxygen levels	27/833	315/18870	0.00080412943298742	0.0307640427014127	0.0266824766400371	VCAM1/CITED2/ACVRL1/HSPG2/NOTCH1/HMOX1/CYBB/CD38/ACE/ANGPT2/FABP1/EGR1/ADAM8/CD24/CYSLTR1/HK2/AJUBA/EGLN3/CCNA2/SOX4/TREM2/NDNF/MYOCD/FOS/UCP3/AGER/DIO3	27
GO:0030517	negative regulation of axon extension	8/833	46/18870	0.000818979482525163	0.0308645252742692	0.0267696278616434	PTPRS/SEMA4D/SEMA6A/SEMA6B/ARHGAP4/TNR/MAG/SEMA3A	8
GO:0097028	dendritic cell differentiation	8/833	46/18870	0.000818979482525163	0.0308645252742692	0.0267696278616434	AXL/SPI1/LILRB2/LILRB1/DCSTAMP/TREM2/AGER/UBD	8
GO:0007091	metaphase/anaphase transition of mitotic cell cycle	12/833	94/18870	0.000867536817987465	0.0321122193815186	0.0278517863150597	HECW2/CDC20/PRAP1/BIRC5/ESPL1/AURKB/PLK1/TRIP13/CENPE/SPC25/BUB1/NDC80	12
GO:0071466	cellular response to xenobiotic stimulus	19/833	192/18870	0.000874049237393127	0.0321122193815186	0.0278517863150597	VAV1/CRHBP/ABCC1/ABCA1/CYP2C19/CYP2S1/ABCB11/ALDH3A1/ACER2/CYP46A1/FGF21/AIM2/CYP26B1/UGT2B28/E2F1/AOC2/PRKAA2/SLCO1A2/FMO1	19
GO:0006957	complement activation, alternative pathway	5/833	18/18870	0.000877522034584073	0.0321122193815186	0.0278517863150597	CFD/CR1/CFP/VSIG4/CFB	5
GO:1901970	positive regulation of mitotic sister chromatid separation	5/833	18/18870	0.000877522034584073	0.0321122193815186	0.0278517863150597	CDC20/PRAP1/BIRC5/ESPL1/AURKB	5
GO:0050670	regulation of lymphocyte proliferation	22/833	238/18870	0.00089627584696433	0.032562539763812	0.0282423612208904	VCAM1/CR1/CD209/VSIG4/INPP5D/CLEC4G/CD38/FCGR3A/EBI3/LILRB2/CD24/SLC39A10/CDKN1A/MIF/LILRB1/SFTPD/CLC/IGFBP2/ZP3/PLA2G2D/IL2RA/AGER	22
GO:0008016	regulation of heart contraction	20/833	208/18870	0.000928469412699849	0.0334912181009588	0.0290478287687524	KCNJ2/NOS3/SCN1B/GJD3/SLC8A1/ATP1B2/BMP10/EHD3/ADORA3/EDN2/TMIGD3/SPTBN4/ATP2A1/FOXN4/KCNJ12/ADRB1/SCN2B/TBX18/CASQ2/ADM5	20
GO:0051984	positive regulation of chromosome segregation	6/833	27/18870	0.000969635014964737	0.033694837332516	0.0292244331715683	SMC4/PRAP1/CDK1/BIRC5/AURKB/NCAPG	6
GO:0098698	postsynaptic specialization assembly	6/833	27/18870	0.000969635014964737	0.033694837332516	0.0292244331715683	PTPRS/SHANK3/SPTBN2/LRRC4B/LRRTM2/CBLN1	6
GO:1902932	positive regulation of alcohol biosynthetic process	6/833	27/18870	0.000969635014964737	0.033694837332516	0.0292244331715683	ABCG1/HRH1/BMP6/CD244/P2RY6/WNT4	6
GO:0099151	regulation of postsynaptic density assembly	4/833	11/18870	0.000969877710507252	0.033694837332516	0.0292244331715683	PTPRS/LRRC4B/LRRTM2/CBLN1	4
GO:0032409	regulation of transporter activity	24/833	271/18870	0.000979602314602542	0.033694837332516	0.0292244331715683	CRHBP/SHANK3/KCNAB1/UTRN/SCN1B/WNK3/HECW2/ATP1B2/P2RY6/CABP4/MMP9/GPR35/ATP2A1/MAPK8IP2/TREM2/FXYD2/FGF12/KCNG1/SCN2B/TRPC6/DRD4/HAP1/CASQ2/HOMER1	24
GO:0010721	negative regulation of cell development	25/833	287/18870	0.000983416289109329	0.033694837332516	0.0292244331715683	PTPRS/CR1/SKI/SEMA4D/C1QC/NOTCH1/RFLNB/ZFPM1/DUSP10/INPP5D/SEMA6A/DYNLT1/CLEC4G/SEMA6B/NRARP/THY1/ARHGAP4/SPP1/LILRB1/SOCS1/TNR/TREM2/MAG/PGLYRP1/SEMA3A	25
GO:0120161	regulation of cold-induced thermogenesis	16/833	150/18870	0.000984527614613349	0.033694837332516	0.0292244331715683	NOTCH1/PER2/BSCL2/KDM6B/CMKLR1/IGF1R/NOVA2/ZNF423/LCN2/FGF21/CIDEA/PTH2R/FABP5/FABP4/ADRB1/MFAP2	16
GO:0010975	regulation of neuron projection development	35/833	453/18870	0.00098749226241829	0.033694837332516	0.0292244331715683	PTPRS/KIF26A/SEMA4D/SHANK3/TIAM1/SEMA6A/CD38/SCN1B/SEMA6B/HECW2/IGF1R/NOVA2/ATP1B2/CUX2/THY1/DSCAM/ARHGAP4/PTPRO/STMN2/PRAG1/TNIK/DGKG/SPP1/KIF1A/TUBB2B/TNR/NDNF/SNAP25/MAG/TENM3/PLXNB3/CDH4/AVIL/GFAP/SEMA3A	35
GO:0070371	ERK1 and ERK2 cascade	28/833	336/18870	0.00100210371935384	0.0339490178448836	0.0294448907248693	MARCO/FLT4/CSF1R/AKAP12/SCIMP/TIAM1/NOTCH1/KDR/CCL24/DUSP10/SEMA6A/CCR1/CCL20/P2RY6/HMGCR/CDK1/MIF/CCL23/FPR2/FGF21/TREM2/ACKR3/CCL22/NLRP12/ALOX15/CHRNA10/CCL18/AGER	28
GO:0048285	organelle fission	37/833	488/18870	0.00101093444678305	0.0339490178448836	0.0294448907248693	PDXP/KDR/CKS2/TOP2A/CDC20/SMC4/PTTG1/PRAP1/MOV10L1/RAD51/CDK1/CCNB2/CHMP4A/BIRC5/ESPL1/PKMYT1/SPATA22/MKI67/AURKB/PLK1/NPM2/TRIP13/SGO1/CENPK/MYBL2/CYP26B1/WNT4/CENPE/SPC25/BUB1/NEK2/NDC80/NCAPG/MEIOB/ARHGEF10/RAD54L/RAD54B	37
GO:0000819	sister chromatid segregation	21/833	225/18870	0.00102695169199368	0.0339490178448836	0.0294448907248693	HECW2/TOP2A/CDC20/SMC4/PRAP1/CDK1/CHMP4A/BIRC5/ESPL1/AURKB/PLK1/TRIP13/CENPK/MYBL2/CENPE/SPC25/BUB1/NEK2/NDC80/NCAPG/ARHGEF10	21
GO:0097106	postsynaptic density organization	7/833	37/18870	0.00102795422103313	0.0339490178448836	0.0294448907248693	PTPRS/SHANK3/LRRC4/LRRC4B/LILRB2/LRRTM2/CBLN1	7
GO:0042310	vasoconstriction	11/833	83/18870	0.00102855440203311	0.0339490178448836	0.0294448907248693	TBXA2R/PER2/CD38/ACE/TBXAS1/SLC8A1/HRH1/CYSLTR1/EDN2/BDKRB2/HTR7	11
GO:0033674	positive regulation of kinase activity	28/833	337/18870	0.00104833836836613	0.0340065423572298	0.0294947832722112	FLT4/AXL/CSF1R/LCP2/ERN1/IQGAP1/KDR/FLT1/ADAM9/ACE/IGF1R/EGR1/P2RY12/ADAM8/PKD1/CD24/CDKN1A/PILRB/CARD14/DOK7/CLSPN/ELANE/STRADA/TREM2/CENPE/DRD4/FCGR1A/LAT	28
GO:0048469	cell maturation	19/833	195/18870	0.00105268260032206	0.0340065423572298	0.0294947832722112	AXL/KDR/SOX18/HOXA5/TYMS/CDKN1A/L3MBTL3/LHX6/CATSPER2/SPTBN4/CABYR/BHLHA15/TCP11/TDRD1/TRIP13/TRIM58/ROPN1B/SPINK1/C1QL1	19
GO:0002274	myeloid leukocyte activation	22/833	241/18870	0.00105650015717698	0.0340065423572298	0.0294947832722112	LCP2/VSIG4/DOCK2/ADAM9/FCGR3A/FCER1G/SPI1/EDN2/CD84/LILRA2/PTGDS/MIF/DCSTAMP/PTGDR/TREM2/RABGEF1/CXCR2/SLC18A2/NR4A3/AGER/UBD/LAT	22
GO:0106106	cold-induced thermogenesis	16/833	151/18870	0.00105723309902675	0.0340065423572298	0.0294947832722112	NOTCH1/PER2/BSCL2/KDM6B/CMKLR1/IGF1R/NOVA2/ZNF423/LCN2/FGF21/CIDEA/PTH2R/FABP5/FABP4/ADRB1/MFAP2	16
GO:0032944	regulation of mononuclear cell proliferation	22/833	242/18870	0.00111511987274817	0.0354501162681821	0.0307468335157698	VCAM1/CR1/CD209/VSIG4/INPP5D/CLEC4G/CD38/FCGR3A/EBI3/LILRB2/CD24/SLC39A10/CDKN1A/MIF/LILRB1/SFTPD/CLC/IGFBP2/ZP3/PLA2G2D/IL2RA/AGER	22
GO:0022409	positive regulation of cell-cell adhesion	27/833	322/18870	0.00111615217557247	0.0354501162681821	0.0307468335157698	VCAM1/CR1/CITED2/VAV1/GCNT1/CD209/DUSP10/EBI3/NFAT5/THY1/ADAM8/LILRB2/CD24/SIRPB1/TNFSF14/LILRB1/MMRN1/SOCS1/ELANE/SOX4/IGFBP2/ZP3/HLA-DQA1/IL2RA/NR4A3/AGER/CEACAM6	27
GO:0006959	humoral immune response	23/833	258/18870	0.00113257074739356	0.035717851546499	0.0309790474799338	CFD/CR1/CFP/CD5L/LEAP2/C1QC/NOTCH1/VSIG4/C1QB/LGALS4/EBI3/CXCL10/CFB/ELANE/TREM2/ZP3/CXCL9/DEFA3/EXO1/PGLYRP1/CR1L/CXCL11/PGC	23
GO:1902307	positive regulation of sodium ion transmembrane transport	5/833	19/18870	0.00114798187883195	0.035717851546499	0.0309790474799338	SCN1B/WNK3/ATP1B2/FXYD2/DRD4	5
GO:0044784	metaphase/anaphase transition of cell cycle	12/833	97/18870	0.00114826521910554	0.035717851546499	0.0309790474799338	HECW2/CDC20/PRAP1/BIRC5/ESPL1/AURKB/PLK1/TRIP13/CENPE/SPC25/BUB1/NDC80	12
GO:0072676	lymphocyte migration	14/833	124/18870	0.00115287322813452	0.035717851546499	0.0309790474799338	CKLF/CCL24/PLEC/CCL20/ADAM8/CD200R1/TNFSF14/CXCL10/CCL23/CCL22/CH25H/SAA1/CXCL11/CCL18	14
GO:0060047	heart contraction	22/833	243/18870	0.00117651517615082	0.0362280587778148	0.0314215638508572	KCNJ2/NOS3/ACE/SCN1B/GJD3/SLC8A1/ATP1B2/BMP10/EHD3/ADORA3/EDN2/TMIGD3/SPTBN4/ATP2A1/FOXN4/KCNJ12/FGF12/ADRB1/SCN2B/TBX18/CASQ2/ADM5	22
GO:1902305	regulation of sodium ion transmembrane transport	9/833	60/18870	0.00119256993419923	0.0364587750654124	0.0316216702547537	UTRN/SCN1B/WNK3/HECW2/ATP1B2/FXYD2/FGF12/SCN2B/DRD4	9
GO:1903039	positive regulation of leukocyte cell-cell adhesion	24/833	275/18870	0.00119844686353633	0.0364587750654124	0.0316216702547537	VCAM1/CR1/VAV1/GCNT1/CD209/DUSP10/EBI3/NFAT5/THY1/ADAM8/LILRB2/CD24/SIRPB1/TNFSF14/LILRB1/SOCS1/ELANE/SOX4/IGFBP2/ZP3/HLA-DQA1/IL2RA/NR4A3/AGER	24
GO:1905954	positive regulation of lipid localization	13/833	111/18870	0.00121807088827531	0.036833880154433	0.0319470089260231	CETP/FABP3/ABCG1/ANXA2/ABCA1/BMP6/MSR1/PRAP1/MIF/SPP1/TREM2/CIDEA/PTGES	13
GO:0009612	response to mechanical stimulus	20/833	213/18870	0.00124349883091782	0.0369090957595968	0.0320122454310959	CITED2/SHANK3/KCNJ2/PDE2A/ANGPT2/PLEC/SLC8A1/IGF1R/BMP6/PKD1/TLR8/TNFSF14/COL1A1/CXCL10/IGFBP2/MPO/MAG/FOS/CHRNA10/SLC26A5	20
GO:0042098	T cell proliferation	20/833	213/18870	0.00124349883091782	0.0369090957595968	0.0320122454310959	VCAM1/CR1/CD209/VSIG4/CLEC4G/DOCK2/ELF4/EBI3/LILRB2/CD24/TNFSF14/LILRB1/SFTPD/CLC/IGFBP2/ZP3/WNT4/PLA2G2D/IL2RA/AGER	20
GO:0002028	regulation of sodium ion transport	11/833	85/18870	0.00125536684606238	0.0369090957595968	0.0320122454310959	UTRN/NOS3/SCN1B/WNK3/HECW2/ATP1B2/SPTBN4/FXYD2/FGF12/SCN2B/DRD4	11
GO:0032414	positive regulation of ion transmembrane transporter activity	11/833	85/18870	0.00125536684606238	0.0369090957595968	0.0320122454310959	SHANK3/SCN1B/WNK3/ATP1B2/P2RY6/ATP2A1/TREM2/FXYD2/TRPC6/DRD4/HAP1	11
GO:0002275	myeloid cell activation involved in immune response	12/833	98/18870	0.00125710187537637	0.0369090957595968	0.0320122454310959	DOCK2/FCER1G/SPI1/CD84/LILRA2/PTGDS/PTGDR/TREM2/RABGEF1/SLC18A2/NR4A3/LAT	12
GO:0032732	positive regulation of interleukin-1 production	10/833	73/18870	0.00133046927507103	0.0388147204643457	0.0336650446799672	EGR1/NAIP/PANX2/TLR8/LILRA2/MEFV/AIM2/NLRP12/SAA1/AGER	10
GO:0010977	negative regulation of neuron projection development	15/833	140/18870	0.00133737848728637	0.0388147204643457	0.0336650446799672	PTPRS/SEMA4D/SEMA6A/CD38/SEMA6B/THY1/ARHGAP4/PTPRO/STMN2/PRAG1/SPP1/TNR/MAG/GFAP/SEMA3A	15
GO:0032370	positive regulation of lipid transport	11/833	86/18870	0.00138330655419238	0.0399182748495515	0.034622186899215	CETP/FABP3/ABCG1/ANXA2/ABCA1/BMP6/PRAP1/MIF/SPP1/TREM2/PTGES	11
GO:0051961	negative regulation of nervous system development	16/833	155/18870	0.00139523157325095	0.0400336332097575	0.034722240288859	PTPRS/SKI/SEMA4D/NOTCH1/DUSP10/SEMA6A/DYNLT1/SEMA6B/THY1/ARHGAP4/SPP1/CBLN1/TNR/TREM2/MAG/SEMA3A	16
GO:2000649	regulation of sodium ion transmembrane transporter activity	8/833	50/18870	0.00144278372504615	0.0411641684264578	0.0357027837045318	UTRN/SCN1B/WNK3/HECW2/FXYD2/FGF12/SCN2B/DRD4	8
GO:0051384	response to glucocorticoid	14/833	127/18870	0.00145401365341711	0.0412515109536876	0.0357785382132974	ADAM9/ACE/IGF1R/BMP6/CPS1/TYMS/CDKN1A/PTGDS/TAT/IGFBP2/PDX1/FOS/UCP3/PAPPA	14
GO:0050867	positive regulation of cell activation	31/833	396/18870	0.00152582418815935	0.0430469952525403	0.0373358097437875	VCAM1/CR1/VAV1/AXL/CD209/DUSP10/INPP5D/CD38/FCGR3A/EBI3/THY1/ADAM8/SPI1/LILRB2/CD24/SLC39A10/SIRPB1/CDKN1A/LILRA2/TNFSF14/MIF/LILRB1/SOCS1/SOX4/IGFBP2/TREM2/ZP3/HLA-DQA1/IL2RA/NR4A3/AGER	31
GO:0034764	positive regulation of transmembrane transport	20/833	217/18870	0.00155742057580995	0.0435601963342885	0.0377809227612245	SHANK3/KCNJ2/SCN1B/WNK3/ATP1B2/THY1/P2RY6/CXCL10/ATP2A1/FGF21/TREM2/FXYD2/CXCL9/AKAP5/PLP1/NR4A3/TRPC6/DRD4/HAP1/CXCL11	20
GO:0002696	positive regulation of leukocyte activation	30/833	380/18870	0.00158383125195348	0.0435601963342885	0.0377809227612245	VCAM1/CR1/VAV1/AXL/CD209/DUSP10/INPP5D/CD38/FCGR3A/EBI3/THY1/ADAM8/SPI1/LILRB2/CD24/SLC39A10/SIRPB1/CDKN1A/TNFSF14/MIF/LILRB1/SOCS1/SOX4/IGFBP2/TREM2/ZP3/HLA-DQA1/IL2RA/NR4A3/AGER	30
GO:0051347	positive regulation of transferase activity	32/833	414/18870	0.00158484566960362	0.0435601963342885	0.0377809227612245	FLT4/AXL/CSF1R/LCP2/ERN1/IQGAP1/KDR/FLT1/ADAM9/ACE/IGF1R/EGR1/P2RY12/ADAM8/PKD1/CDC20/CD24/CDKN1A/PILRB/CARD14/DOK7/AURKB/CLSPN/ELANE/STRADA/TREM2/PLK1/CENPE/NEK2/DRD4/FCGR1A/LAT	32
GO:0007411	axon guidance	21/833	233/18870	0.00159145238342445	0.0435601963342885	0.0377809227612245	NRP2/CSF1R/SEMA4D/NOTCH1/HMCN2/SEMA6A/SCN1B/SEMA6B/NOVA2/DSCAM/PTPRO/NTN3/NEXN/TUBB2B/TNR/ANOS1/GFRA3/PLXNB3/CDH4/EPHA10/SEMA3A	21
GO:0097485	neuron projection guidance	21/833	233/18870	0.00159145238342445	0.0435601963342885	0.0377809227612245	NRP2/CSF1R/SEMA4D/NOTCH1/HMCN2/SEMA6A/SCN1B/SEMA6B/NOVA2/DSCAM/PTPRO/NTN3/NEXN/TUBB2B/TNR/ANOS1/GFRA3/PLXNB3/CDH4/EPHA10/SEMA3A	21
GO:0001678	intracellular glucose homeostasis	16/833	157/18870	0.00159576956868186	0.0435601963342885	0.0377809227612245	TIAM1/ERN1/HKDC1/ZBED6/ACE/FOXK1/PTPRN2/IGF1R/HK3/HK2/SOX4/FGF21/TREM2/PDX1/PRKAA2/AGER	16
GO:0008361	regulation of cell size	18/833	187/18870	0.00161619295766064	0.0438805077214313	0.0380587373900731	PTPRS/VAV1/SEMA4D/SHANK3/SEMA6A/SEMA6B/WNK3/DSCAM/ARHGAP4/SPP1/SLC12A1/TNR/SLC12A5/MAG/SCTR/CDH4/SEMA3A/SLC26A5	18
GO:0120162	positive regulation of cold-induced thermogenesis	12/833	101/18870	0.00163597064539767	0.0440576590002739	0.0382123854299405	PER2/BSCL2/KDM6B/CMKLR1/IGF1R/LCN2/FGF21/PTH2R/FABP5/FABP4/ADRB1/MFAP2	12
GO:0035924	cellular response to vascular endothelial growth factor stimulus	10/833	75/18870	0.00164016631525772	0.0440576590002739	0.0382123854299405	VCAM1/NRP2/FLT4/ERN1/NOTCH1/KDR/SEMA6A/FLT1/DLL4/GAS1	10
GO:0055074	calcium ion homeostasis	27/833	331/18870	0.00166771030108666	0.0445605133359133	0.0386485244378812	CDH5/ATP13A2/PLCB2/KDR/CCR1/S100A14/PLCB3/SLC8A1/CDH23/SLC24A4/THY1/EDN2/P2RY6/CXCL10/CCL23/FZD9/ELANE/ATP2A1/LIME1/CXCL9/TRPV6/TRPC6/SV2B/DRD4/HAP1/CASQ2/CXCL11	27
GO:0048640	negative regulation of developmental growth	13/833	115/18870	0.00168699501665839	0.0446499314247264	0.0387260791366934	PTPRS/CITED2/SEMA4D/DUSP10/SEMA6A/SEMA6B/ARHGAP4/CDKN1A/SPP1/TNR/MAG/ADRB1/SEMA3A	13
GO:0007127	meiosis I	14/833	129/18870	0.00168916893823209	0.0446499314247264	0.0387260791366934	CKS2/TOP2A/PTTG1/MOV10L1/RAD51/CCNB2/ESPL1/SPATA22/PLK1/TRIP13/NDC80/MEIOB/RAD54L/RAD54B	14
GO:0051784	negative regulation of nuclear division	9/833	63/18870	0.00169758155119752	0.0446499314247264	0.0387260791366934	CDC20/PRAP1/BIRC5/AURKB/PLK1/TRIP13/SPC25/BUB1/NDC80	9
GO:0007263	nitric oxide mediated signal transduction	6/833	30/18870	0.00173761781361119	0.0452318039110129	0.0392307526990568	NOS3/GUCY1A2/FPR1/PDX1/NDNF/SPINK1	6
GO:0060142	regulation of syncytium formation by plasma membrane fusion	6/833	30/18870	0.00173761781361119	0.0452318039110129	0.0392307526990568	ADAM9/TNFSF14/CXCL10/DCSTAMP/TREM2/CXCL9	6
GO:0007052	mitotic spindle organization	14/833	130/18870	0.00181811027783093	0.0470843943745958	0.0408375539328178	MAP1S/PKD1/CDC20/CHMP4A/BIRC5/AURKB/PLK1/MYBL2/CENPE/SPC25/NEK2/NDC80/ARHGEF10/CEP126	14
GO:0051235	maintenance of location	28/833	350/18870	0.00184070252932904	0.0474262641485288	0.0411340667268428	PLCB2/NRROS/ABCG1/BSCL2/ABCA1/PLCB3/SLC8A1/VPS13C/MSR1/THY1/PKD1/KDELR3/SQLE/HK2/FBN2/GET4/P2RY6/CXCL10/ATP2A1/TREM2/CIDEA/MDFI/LIME1/CXCL9/SLC18A2/HAP1/CASQ2/CXCL11	28
GO:0051383	kinetochore organization	5/833	21/18870	0.00186695179331919	0.0476166997791005	0.0412992366400912	SMC4/CENPW/CENPK/CENPE/NDC80	5
GO:0097107	postsynaptic density assembly	5/833	21/18870	0.00186695179331919	0.0476166997791005	0.0412992366400912	PTPRS/SHANK3/LRRC4B/LRRTM2/CBLN1	5
GO:0019229	regulation of vasoconstriction	9/833	64/18870	0.00189955828618122	0.0477645953655793	0.0414275104358886	TBXA2R/PER2/CD38/ACE/TBXAS1/HRH1/CYSLTR1/EDN2/BDKRB2	9
GO:0002069	columnar/cuboidal epithelial cell maturation	4/833	13/18870	0.00195787549320295	0.0477645953655793	0.0414275104358886	HOXA5/TYMS/CDKN1A/BHLHA15	4
GO:0002430	complement receptor mediated signaling pathway	4/833	13/18870	0.00195787549320295	0.0477645953655793	0.0414275104358886	CR1/CMKLR1/FPR2/FPR1	4
GO:0007144	female meiosis I	4/833	13/18870	0.00195787549320295	0.0477645953655793	0.0414275104358886	CCNB2/TRIP13/NDC80/MEIOB	4
GO:0035589	G protein-coupled purinergic nucleotide receptor signaling pathway	4/833	13/18870	0.00195787549320295	0.0477645953655793	0.0414275104358886	P2RY13/P2RY12/GPR34/P2RY6	4
GO:0036006	cellular response to macrophage colony-stimulating factor stimulus	4/833	13/18870	0.00195787549320295	0.0477645953655793	0.0414275104358886	CSF1R/PDE2A/DCSTAMP/TREM2	4
GO:0042670	retinal cone cell differentiation	4/833	13/18870	0.00195787549320295	0.0477645953655793	0.0414275104358886	NOTCH1/THY1/CABP4/DIO3	4
GO:0044771	meiotic cell cycle phase transition	4/833	13/18870	0.00195787549320295	0.0477645953655793	0.0414275104358886	CDC20/CCNB2/PKMYT1/NDC80	4
GO:1900226	negative regulation of NLRP3 inflammasome complex assembly	4/833	13/18870	0.00195787549320295	0.0477645953655793	0.0414275104358886	MEFV/TRIM31/TREM2/FBXL2	4
GO:0070588	calcium ion transmembrane transport	28/833	352/18870	0.00199974503536428	0.0485515020605271	0.0421100156485364	PLCB2/ANXA2/PLCB3/SLC8A1/SLC24A4/THY1/PKD1/P2RY6/CABP4/CXCL10/CATSPER2/GPR35/TRPM6/ATP2A1/CACNA1A/BHLHA15/LIME1/CXCL9/AKAP5/GRIN2D/PLP1/TRPV6/TRPC6/DRD4/HAP1/CASQ2/CHRNA10/CXCL11	28
GO:0035296	regulation of tube diameter	15/833	146/18870	0.00203391445901247	0.048910800085776	0.0424216444308314	TBXA2R/NOS3/PER2/CD38/ACE/TBXAS1/SLC8A1/NPR1/HRH1/CPS1/CYSLTR1/EDN2/ADRB1/BDKRB2/HTR7	15
GO:0097746	blood vessel diameter maintenance	15/833	146/18870	0.00203391445901247	0.048910800085776	0.0424216444308314	TBXA2R/NOS3/PER2/CD38/ACE/TBXAS1/SLC8A1/NPR1/HRH1/CPS1/CYSLTR1/EDN2/ADRB1/BDKRB2/HTR7	15
